{"cameraMode":{"drawMode":0,"name":"Shaded","section":"Shading Mode"},"sceneLighting":true,"audioPlay":false,"sceneViewState":{"showFog":true,"showMaterialUpdate":false,"showSkybox":true,"showFlares":true,"showImageEffects":true,"showParticleSystems":true},"in2DMode":false,"pivot":{"x":-3.162313222885132,"y":6.077864646911621,"z":-4.911769390106201},"rotation":{"x":-0.017764292657375337,"y":-0.9760595560073853,"z":0.08689981698989868,"w":-0.1988876909017563},"size":3.6826682090759279,"orthographic":false}