{"cameraMode":{"drawMode":0,"name":"Shaded","section":"Shading Mode"},"sceneLighting":true,"audioPlay":false,"sceneViewState":{"showFog":true,"showMaterialUpdate":false,"showSkybox":true,"showFlares":true,"showImageEffects":true,"showParticleSystems":true},"in2DMode":false,"pivot":{"x":-9.999614715576172,"y":6.040225028991699,"z":-4.38836145401001},"rotation":{"x":-0.0032332686241716148,"y":0.9787964820861816,"z":-0.20433874428272248,"w":-0.015549319796264172},"size":10.742731094360352,"orthographic":false}